name,description,color,material,category,price,style,size
Item 7049,Random generated item,Pink,Denim,Trousers,190.59,Classic,XXL
Item 1858,Random generated item,Blue,Cottom,Trousers,390.35,Classic,XXL
Item 8722,Random generated item,Green,Silk,Suit,25.6,Sporty,S
Item 7237,Random generated item,Magenta,Cottom,T-shirt,203.73,Casual,L
Item 6744,Random generated item,White,Suede,Dress,141.77,Punk,XL
Item 260,Random generated item,Cyan,Silk,Shoes,76.23,Sporty,XS
Item 1029,Random generated item,White,Cottom,T-shirt,238.78,Streetwear,L
Item 8642,Random generated item,Green,Silk,Jeans,490.45,Punk,S
Item 1387,Random generated item,Cyan,Wool,Boots,23.67,Punk,XXL
Item 6875,Random generated item,Orange,Leather,Dress,205.43,Casual,XS
Item 7085,Random generated item,Yellow,Silk,T-shirt,53.64,Punk,XS
Item 1758,Random generated item,Black,Silk,Skirt,337.79,Streetwear,XXL
Item 6628,Random generated item,Gray,Wool,Dress,466.57,Punk,XXL
Item 9095,Random generated item,Gray,Suede,Shoes,486.16,Sporty,M
Item 7308,Random generated item,Yellow,Leather,Suit,318.89,Sporty,XL
Item 3529,Random generated item,Yellow,Polyester,Suit,377.05,Classic,M
Item 6065,Random generated item,Brown,Linen,Suit,293.82,Punk,M
Item 677,Random generated item,Magenta,Linen,Jeans,371.51,Classic,S
Item 74,Random generated item,White,Suede,Shoes,94.98,Casual,XL
Item 5893,Random generated item,Pink,Denim,Sneakers,470.93,Punk,S
Item 7480,Random generated item,Purple,Polyester,Skirt,158.51,Classic,L
Item 3033,Random generated item,Purple,Denim,Boots,25.24,Casual,XL
Item 3450,Random generated item,Blue,Denim,Boots,498.7,Classic,XS
Item 196,Random generated item,Blue,Linen,Suit,418.99,Sporty,XL
Item 7519,Random generated item,Gray,Silk,Boots,352.42,Sporty,XL
Item 5641,Random generated item,Green,Wool,Shoes,147.94,Punk,XS
Item 4957,Random generated item,Magenta,Wool,Jeans,12.12,Casual,S
Item 7916,Random generated item,Red,Cottom,Boots,287.04,Classic,XXL
Item 4836,Random generated item,Green,Cottom,T-shirt,245.54,Streetwear,XL
Item 6614,Random generated item,Gray,Suede,Jeans,116.86,Sporty,S
Item 6335,Random generated item,Orange,Leather,Dress,283.64,Punk,S
Item 1692,Random generated item,Purple,Leather,Jeans,401.5,Punk,M
Item 3620,Random generated item,Black,Denim,T-shirt,222.22,Casual,XS
Item 172,Random generated item,Blue,Silk,Shoes,488.74,Sporty,M
Item 3327,Random generated item,Orange,Suede,Trousers,220.71,Punk,L
Item 4194,Random generated item,White,Denim,Skirt,156.37,Sporty,XXL
Item 2187,Random generated item,White,Suede,Skirt,61.72,Streetwear,L
Item 5616,Random generated item,White,Suede,Shoes,74.29,Sporty,XXL
Item 9121,Random generated item,Blue,Wool,Sneakers,80.61,Punk,XL
Item 5959,Random generated item,Brown,Cottom,Sneakers,114.26,Casual,S
Item 1296,Random generated item,Green,Cottom,Boots,210.44,Sporty,XXL
Item 2424,Random generated item,Blue,Leather,Skirt,130.6,Punk,XL
Item 6164,Random generated item,Magenta,Linen,Jeans,135.19,Sporty,L
Item 3889,Random generated item,Red,Denim,Shoes,262.62,Punk,XL
Item 5297,Random generated item,Black,Denim,Sneakers,37.57,Sporty,XS
Item 719,Random generated item,Yellow,Polyester,Suit,250.63,Casual,XS
Item 9961,Random generated item,Purple,Leather,Sneakers,428.51,Punk,M
Item 1297,Random generated item,Gray,Leather,Trousers,102.01,Sporty,XS
Item 6949,Random generated item,White,Leather,Boots,320.19,Streetwear,XL
Item 9453,Random generated item,Blue,Nylon,Skirt,143.03,Streetwear,XS
Item 2689,Random generated item,White,Linen,Skirt,347.8,Sporty,XL
Item 7543,Random generated item,Brown,Linen,Dress,133.78,Sporty,XL
Item 9671,Random generated item,Blue,Wool,Shoes,396.23,Punk,XS
Item 9933,Random generated item,Blue,Denim,Skirt,56.71,Sporty,S
Item 4970,Random generated item,White,Leather,Dress,498.5,Punk,S
Item 9845,Random generated item,Pink,Silk,Skirt,248.14,Casual,XS
Item 1201,Random generated item,Purple,Leather,Skirt,327.96,Sporty,XXL
Item 3154,Random generated item,Green,Denim,T-shirt,217.69,Casual,L
Item 3356,Random generated item,Brown,Denim,Jeans,82.14,Sporty,L
Item 451,Random generated item,Yellow,Cottom,Jeans,320.92,Sporty,M
Item 3203,Random generated item,Pink,Denim,Boots,246.31,Casual,XS
Item 8989,Random generated item,Gray,Silk,Sneakers,410.95,Classic,XL
Item 7237,Random generated item,Yellow,Wool,Skirt,71.4,Streetwear,XXL
Item 6674,Random generated item,Black,Linen,Jeans,254.07,Punk,XXL
Item 5857,Random generated item,White,Polyester,Suit,436.11,Classic,XXL
Item 844,Random generated item,Brown,Denim,Skirt,371.39,Punk,XXL
Item 1581,Random generated item,Yellow,Nylon,Boots,223.34,Sporty,S
Item 2929,Random generated item,Cyan,Silk,Suit,122.62,Punk,L
Item 2064,Random generated item,Black,Suede,Trousers,158.31,Punk,S
Item 4432,Random generated item,Purple,Denim,Jeans,188.32,Sporty,XL
Item 6198,Random generated item,Purple,Wool,T-shirt,168.13,Casual,XL
Item 6665,Random generated item,Green,Cottom,Trousers,47.08,Streetwear,M
Item 7310,Random generated item,Blue,Leather,T-shirt,455.66,Casual,M
Item 3669,Random generated item,Green,Silk,Suit,144.34,Casual,XS
Item 1430,Random generated item,Green,Suede,Shoes,440.37,Streetwear,M
Item 3711,Random generated item,Magenta,Denim,Shoes,392.65,Casual,XS
Item 4567,Random generated item,Magenta,Polyester,Suit,105.9,Classic,S
Item 3064,Random generated item,Black,Denim,Trousers,109.78,Streetwear,XS
Item 3784,Random generated item,Yellow,Wool,Boots,34.89,Punk,L
Item 7749,Random generated item,Purple,Cottom,Trousers,361.37,Streetwear,S
Item 2156,Random generated item,Brown,Linen,Jeans,329.43,Sporty,XL
Item 17,Random generated item,Purple,Leather,Boots,40.39,Punk,S
Item 9679,Random generated item,Pink,Cottom,Jeans,76.6,Streetwear,XS
Item 8036,Random generated item,Yellow,Silk,Jeans,456.85,Classic,XS
Item 3979,Random generated item,Cyan,Nylon,Dress,361.99,Sporty,L
Item 8783,Random generated item,Black,Polyester,Shoes,345.91,Sporty,M
Item 5054,Random generated item,Brown,Polyester,T-shirt,77.79,Punk,XL
Item 2400,Random generated item,White,Linen,T-shirt,288.7,Casual,XXL
Item 1015,Random generated item,Blue,Wool,Dress,257.53,Punk,XXL
Item 3140,Random generated item,Gray,Linen,Suit,459.17,Sporty,S
Item 8064,Random generated item,Red,Polyester,Dress,394.89,Streetwear,M
Item 6024,Random generated item,Orange,Denim,Suit,297.83,Classic,L
Item 7266,Random generated item,Brown,Nylon,Skirt,333.97,Classic,XXL
Item 280,Random generated item,Cyan,Polyester,T-shirt,478.45,Casual,M
Item 8958,Random generated item,Magenta,Cottom,Trousers,24.88,Punk,M
Item 6576,Random generated item,Yellow,Linen,Dress,435.44,Punk,S
Item 2967,Random generated item,Yellow,Wool,Trousers,41.73,Streetwear,L
Item 800,Random generated item,Blue,Suede,Shoes,231.8,Classic,XS
Item 710,Random generated item,Black,Linen,Skirt,227.38,Casual,XL
Item 1799,Random generated item,Gray,Polyester,Sneakers,117.54,Classic,XS
Item 6707,Random generated item,Blue,Suede,Trousers,214.98,Classic,L
Item 5114,Random generated item,Orange,Polyester,Shoes,45.89,Streetwear,XXL
Item 1337,Random generated item,Blue,Wool,Jeans,484.55,Classic,L
Item 5872,Random generated item,Gray,Linen,Skirt,24.82,Casual,M
Item 7521,Random generated item,Orange,Linen,Trousers,97.0,Classic,L
Item 9506,Random generated item,Cyan,Nylon,Jeans,487.24,Punk,XL
Item 9317,Random generated item,Gray,Cottom,Boots,403.07,Sporty,XS
Item 9245,Random generated item,Purple,Suede,T-shirt,10.01,Classic,S
Item 4870,Random generated item,Red,Suede,Jeans,339.25,Casual,XS
Item 9230,Random generated item,Green,Suede,Shoes,177.8,Punk,XS
Item 1517,Random generated item,Yellow,Wool,Suit,39.17,Sporty,XXL
Item 7432,Random generated item,White,Silk,Jeans,332.72,Classic,L
Item 8022,Random generated item,Blue,Wool,Jeans,368.95,Streetwear,M
Item 8594,Random generated item,White,Polyester,Sneakers,325.95,Casual,XS
Item 4098,Random generated item,Purple,Suede,Suit,32.85,Punk,XL
Item 4540,Random generated item,Black,Suede,Trousers,231.54,Casual,L
Item 8277,Random generated item,Orange,Denim,Boots,22.33,Classic,S
Item 3895,Random generated item,Magenta,Wool,Boots,464.46,Sporty,XS
Item 6028,Random generated item,Orange,Cottom,T-shirt,131.44,Classic,XXL
Item 1661,Random generated item,Green,Cottom,Suit,279.33,Sporty,S
Item 6193,Random generated item,Pink,Nylon,Dress,102.32,Streetwear,XS
Item 5804,Random generated item,Red,Silk,Dress,246.84,Punk,XXL
Item 8818,Random generated item,Orange,Denim,Jeans,224.04,Punk,S
Item 5156,Random generated item,Gray,Denim,Suit,294.19,Punk,XXL
Item 4482,Random generated item,Green,Wool,Sneakers,413.08,Classic,XS
Item 7209,Random generated item,White,Denim,Trousers,29.9,Casual,XXL
Item 9025,Random generated item,Purple,Polyester,Sneakers,371.13,Punk,XXL
Item 2912,Random generated item,Blue,Nylon,Dress,198.19,Sporty,XL
Item 5607,Random generated item,Blue,Leather,Shoes,412.26,Casual,M
Item 9675,Random generated item,Black,Silk,Sneakers,333.82,Classic,XS
Item 8965,Random generated item,Brown,Wool,Shoes,302.16,Sporty,M
Item 8003,Random generated item,Yellow,Leather,Shoes,294.4,Casual,L
Item 9887,Random generated item,Cyan,Silk,Boots,155.14,Casual,XL
Item 1114,Random generated item,Yellow,Nylon,Trousers,460.95,Casual,XXL
Item 8730,Random generated item,Red,Wool,Boots,188.9,Classic,XXL
Item 7861,Random generated item,White,Denim,Dress,217.26,Classic,XL
Item 5648,Random generated item,Gray,Polyester,Sneakers,23.06,Classic,XL
Item 6171,Random generated item,Green,Wool,T-shirt,20.84,Casual,S
Item 4169,Random generated item,Black,Denim,Trousers,490.52,Casual,S
Item 6140,Random generated item,Purple,Leather,Suit,61.28,Sporty,XS
Item 298,Random generated item,Orange,Suede,T-shirt,397.61,Classic,XL
Item 4605,Random generated item,Brown,Wool,Sneakers,282.48,Sporty,S
Item 5819,Random generated item,Purple,Nylon,Boots,23.65,Sporty,XL
Item 9029,Random generated item,Green,Nylon,Sneakers,100.83,Streetwear,L
Item 7669,Random generated item,Yellow,Suede,Boots,224.74,Sporty,L
Item 1771,Random generated item,Magenta,Polyester,Trousers,397.08,Classic,L
Item 3013,Random generated item,Red,Leather,Boots,209.37,Classic,XXL
Item 8558,Random generated item,Purple,Wool,Dress,14.36,Punk,XL
Item 4838,Random generated item,Purple,Silk,Shoes,57.44,Punk,XXL
Item 5068,Random generated item,Black,Suede,Skirt,138.0,Casual,M
Item 2209,Random generated item,Brown,Suede,Trousers,125.8,Punk,S
Item 5565,Random generated item,Yellow,Cottom,Trousers,336.45,Sporty,XXL
Item 7604,Random generated item,Magenta,Leather,Trousers,80.83,Casual,S
Item 527,Random generated item,Orange,Nylon,Trousers,149.99,Punk,M
Item 2321,Random generated item,Black,Cottom,Suit,491.88,Streetwear,XS
Item 75,Random generated item,Black,Leather,Sneakers,272.08,Punk,XXL
Item 9712,Random generated item,Pink,Denim,Jeans,104.11,Casual,L
Item 4737,Random generated item,Purple,Leather,Shoes,19.35,Classic,S
Item 1208,Random generated item,Pink,Nylon,Sneakers,209.63,Classic,XXL
Item 3605,Random generated item,Red,Linen,Shoes,461.42,Streetwear,XS
Item 6018,Random generated item,Red,Suede,T-shirt,61.56,Streetwear,XL
Item 8344,Random generated item,Green,Linen,Boots,73.51,Streetwear,S
Item 7098,Random generated item,Purple,Suede,Skirt,306.54,Classic,M
Item 6568,Random generated item,Cyan,Cottom,Boots,210.35,Casual,M
Item 9933,Random generated item,Yellow,Polyester,Boots,404.94,Punk,XL
Item 4457,Random generated item,Purple,Denim,Sneakers,490.16,Punk,S
Item 6054,Random generated item,Yellow,Cottom,Dress,337.33,Streetwear,XL
Item 8856,Random generated item,Orange,Denim,Dress,35.61,Streetwear,XS
Item 6110,Random generated item,Yellow,Wool,Jeans,52.47,Streetwear,M
Item 7009,Random generated item,Magenta,Nylon,Dress,26.23,Punk,XL
Item 9868,Random generated item,Red,Linen,Dress,497.44,Punk,M
Item 4269,Random generated item,Cyan,Polyester,Sneakers,277.28,Classic,L
Item 2732,Random generated item,Orange,Wool,Suit,57.12,Punk,S
Item 7040,Random generated item,Yellow,Denim,Dress,144.57,Streetwear,L
Item 1948,Random generated item,Magenta,Wool,Trousers,210.32,Casual,L
Item 6510,Random generated item,Purple,Linen,Suit,287.0,Streetwear,S
Item 7685,Random generated item,Green,Linen,T-shirt,317.47,Casual,M
Item 1489,Random generated item,Brown,Silk,Skirt,234.7,Punk,XS
Item 3028,Random generated item,Yellow,Silk,Jeans,201.88,Punk,L
Item 2883,Random generated item,Magenta,Linen,Trousers,250.09,Casual,XS
Item 5183,Random generated item,Orange,Suede,Skirt,316.06,Casual,XXL
Item 3827,Random generated item,Purple,Linen,Sneakers,203.04,Streetwear,XL
Item 6609,Random generated item,Cyan,Leather,Sneakers,149.5,Punk,S
Item 1673,Random generated item,Red,Nylon,Skirt,171.28,Sporty,L
Item 1517,Random generated item,Brown,Silk,Jeans,437.65,Sporty,L
Item 1848,Random generated item,Black,Nylon,Dress,164.31,Streetwear,L
Item 6718,Random generated item,Brown,Nylon,Skirt,90.94,Casual,XS
Item 7740,Random generated item,Gray,Silk,T-shirt,137.99,Punk,XS
Item 1050,Random generated item,Orange,Leather,Skirt,422.45,Sporty,XL
Item 1574,Random generated item,Pink,Leather,Skirt,285.51,Classic,XS
Item 4568,Random generated item,Green,Denim,Skirt,177.19,Streetwear,M
Item 6868,Random generated item,Pink,Suede,Jeans,382.45,Classic,XL
Item 3614,Random generated item,Purple,Cottom,Shoes,261.6,Classic,XL
Item 6048,Random generated item,Pink,Leather,Suit,45.9,Punk,XXL
Item 1329,Random generated item,Purple,Nylon,Jeans,401.97,Classic,XS
Item 8744,Random generated item,Purple,Nylon,Skirt,208.76,Streetwear,XL
Item 878,Random generated item,White,Cottom,Shoes,370.05,Casual,S
Item 8034,Random generated item,Magenta,Cottom,T-shirt,14.31,Casual,M
Item 7762,Random generated item,Black,Nylon,Shoes,253.94,Punk,XXL
Item 2329,Random generated item,Cyan,Leather,Suit,395.89,Casual,S
Item 6007,Random generated item,Green,Suede,Dress,351.12,Classic,M
Item 9020,Random generated item,White,Denim,T-shirt,325.17,Punk,L
Item 153,Random generated item,Blue,Silk,T-shirt,151.31,Classic,XXL
Item 5542,Random generated item,Green,Wool,T-shirt,243.46,Punk,S
Item 2103,Random generated item,Blue,Denim,Jeans,406.81,Sporty,M
Item 4409,Random generated item,Blue,Leather,Skirt,369.88,Punk,XXL
Item 7294,Random generated item,Cyan,Leather,Suit,49.31,Punk,XL
Item 9498,Random generated item,White,Leather,Dress,68.04,Casual,M
Item 5445,Random generated item,Gray,Polyester,Dress,426.74,Casual,XL
Item 1143,Random generated item,Green,Polyester,T-shirt,492.36,Casual,S
Item 6987,Random generated item,Cyan,Linen,Suit,226.61,Classic,M
Item 4522,Random generated item,Green,Linen,Shoes,101.55,Casual,XXL
Item 1473,Random generated item,Gray,Cottom,Boots,275.73,Streetwear,S
Item 5000,Random generated item,Purple,Suede,Sneakers,446.93,Streetwear,XL
Item 7660,Random generated item,Magenta,Denim,Suit,407.99,Streetwear,XXL
Item 9176,Random generated item,Black,Wool,Skirt,159.59,Classic,S
Item 9782,Random generated item,Yellow,Silk,Boots,406.09,Casual,XL
Item 3175,Random generated item,Black,Suede,Sneakers,121.81,Streetwear,M
Item 207,Random generated item,Orange,Denim,Boots,33.43,Classic,L
Item 561,Random generated item,Orange,Denim,Dress,499.16,Classic,M
Item 2566,Random generated item,Gray,Denim,T-shirt,308.64,Streetwear,M
Item 9428,Random generated item,Brown,Denim,Boots,356.99,Streetwear,S
Item 7417,Random generated item,Cyan,Linen,Sneakers,388.47,Streetwear,M
Item 6662,Random generated item,Magenta,Denim,Suit,370.78,Sporty,XS
Item 9944,Random generated item,Black,Leather,Trousers,375.69,Streetwear,S
Item 4362,Random generated item,Brown,Silk,Shoes,391.34,Streetwear,M
Item 7193,Random generated item,Pink,Suede,Jeans,116.81,Casual,M
Item 4503,Random generated item,Gray,Cottom,Skirt,130.0,Casual,L
Item 8540,Random generated item,Red,Denim,T-shirt,110.8,Sporty,XS
Item 7246,Random generated item,Brown,Cottom,T-shirt,76.77,Classic,L
Item 5593,Random generated item,Pink,Leather,Skirt,10.16,Streetwear,XS
Item 889,Random generated item,Black,Leather,Jeans,498.33,Casual,M
Item 5555,Random generated item,Magenta,Polyester,Boots,187.0,Sporty,M
Item 7970,Random generated item,Red,Leather,Jeans,391.81,Punk,XS
Item 156,Random generated item,Green,Cottom,Skirt,470.01,Streetwear,L
Item 4006,Random generated item,Red,Leather,Suit,392.64,Streetwear,L
Item 2238,Random generated item,Orange,Leather,Sneakers,106.07,Streetwear,M
Item 7551,Random generated item,Red,Wool,T-shirt,283.62,Casual,S
Item 4751,Random generated item,Green,Silk,Shoes,371.39,Casual,L
Item 6644,Random generated item,Magenta,Cottom,Skirt,329.23,Classic,XL
Item 689,Random generated item,Red,Polyester,Boots,231.85,Punk,M
Item 5607,Random generated item,Orange,Linen,Boots,484.51,Streetwear,XXL
Item 7127,Random generated item,Blue,Cottom,Dress,102.56,Sporty,XXL
Item 3694,Random generated item,Cyan,Linen,Suit,18.15,Sporty,M
Item 2853,Random generated item,Black,Suede,Dress,329.94,Streetwear,M
Item 3450,Random generated item,Orange,Nylon,T-shirt,109.02,Sporty,L
Item 8655,Random generated item,Yellow,Polyester,Shoes,81.46,Casual,S
Item 3153,Random generated item,Pink,Polyester,Dress,418.22,Streetwear,M
Item 1091,Random generated item,Pink,Wool,Sneakers,100.09,Punk,M
Item 8116,Random generated item,Red,Denim,Boots,410.53,Sporty,XXL
Item 8024,Random generated item,Blue,Polyester,Skirt,60.82,Punk,XS
Item 1206,Random generated item,Green,Suede,Suit,147.28,Streetwear,L
Item 9680,Random generated item,Orange,Polyester,T-shirt,56.67,Classic,M
Item 9421,Random generated item,Blue,Denim,Suit,159.74,Classic,XS
Item 6932,Random generated item,Yellow,Nylon,T-shirt,226.15,Punk,L
Item 6199,Random generated item,Black,Silk,Trousers,476.84,Punk,S
Item 8246,Random generated item,Red,Silk,T-shirt,27.19,Casual,XL
Item 6428,Random generated item,Yellow,Suede,Boots,244.51,Punk,XS
Item 3861,Random generated item,Orange,Wool,Skirt,240.9,Casual,M
Item 601,Random generated item,Cyan,Linen,T-shirt,343.52,Sporty,L
Item 4314,Random generated item,Green,Wool,Shoes,33.29,Classic,M
Item 5795,Random generated item,Orange,Silk,Suit,265.32,Sporty,XXL
Item 5009,Random generated item,White,Suede,Jeans,384.46,Classic,S
Item 7625,Random generated item,White,Nylon,Jeans,300.53,Streetwear,XS
Item 9343,Random generated item,Orange,Suede,Dress,139.53,Streetwear,S
Item 3873,Random generated item,Yellow,Wool,Trousers,371.24,Sporty,M
Item 2514,Random generated item,Green,Nylon,T-shirt,480.59,Streetwear,XXL
Item 6044,Random generated item,Yellow,Polyester,T-shirt,448.6,Classic,XXL
Item 4511,Random generated item,Magenta,Leather,Jeans,360.57,Casual,S
Item 3561,Random generated item,Orange,Cottom,Trousers,292.61,Punk,S
Item 916,Random generated item,White,Denim,Dress,431.25,Punk,L
Item 1055,Random generated item,Orange,Cottom,Sneakers,233.53,Streetwear,XS
Item 2418,Random generated item,Gray,Nylon,Boots,390.86,Sporty,S
Item 1336,Random generated item,Gray,Denim,T-shirt,81.5,Casual,XS
Item 7926,Random generated item,Yellow,Leather,Suit,132.45,Punk,L
Item 2077,Random generated item,Yellow,Denim,Suit,422.59,Sporty,XL
Item 3410,Random generated item,Red,Silk,Sneakers,373.77,Classic,L
Item 4016,Random generated item,Brown,Polyester,Dress,48.37,Sporty,XXL
Item 5520,Random generated item,Pink,Cottom,T-shirt,61.17,Classic,M
Item 581,Random generated item,Yellow,Denim,Boots,209.89,Classic,M
Item 9133,Random generated item,White,Silk,Shoes,363.35,Casual,M
Item 2650,Random generated item,Orange,Linen,T-shirt,197.16,Punk,XL
Item 764,Random generated item,Blue,Nylon,Sneakers,134.13,Classic,XXL
Item 3294,Random generated item,Orange,Nylon,Trousers,353.87,Sporty,XXL
Item 6105,Random generated item,Cyan,Cottom,T-shirt,160.92,Sporty,M
Item 3890,Random generated item,Green,Leather,Shoes,133.52,Streetwear,XXL
Item 144,Random generated item,White,Polyester,Boots,258.28,Casual,M
Item 7472,Random generated item,Magenta,Denim,Skirt,97.55,Streetwear,L
Item 6440,Random generated item,Green,Polyester,Shoes,74.1,Streetwear,M
Item 496,Random generated item,Magenta,Wool,Skirt,227.56,Sporty,XL
Item 9210,Random generated item,Orange,Leather,Suit,186.71,Punk,XXL
Item 765,Random generated item,Brown,Cottom,Jeans,357.47,Punk,L
Item 6793,Random generated item,Black,Nylon,Jeans,398.82,Casual,L
Item 2169,Random generated item,Purple,Linen,Jeans,486.94,Sporty,M
Item 327,Random generated item,Gray,Cottom,Suit,375.36,Streetwear,XXL
Item 9548,Random generated item,Yellow,Cottom,Trousers,160.88,Streetwear,M
Item 6282,Random generated item,Purple,Silk,Skirt,280.93,Punk,XXL
Item 9909,Random generated item,Red,Polyester,Dress,29.34,Streetwear,L
Item 7056,Random generated item,Pink,Polyester,Jeans,194.48,Streetwear,M
Item 8014,Random generated item,Blue,Nylon,Sneakers,256.54,Sporty,XXL
Item 5438,Random generated item,Magenta,Suede,Sneakers,444.11,Sporty,M
Item 2436,Random generated item,White,Wool,Boots,453.83,Streetwear,XXL
Item 544,Random generated item,Red,Polyester,Boots,418.44,Classic,XL
Item 9248,Random generated item,Purple,Silk,T-shirt,340.41,Casual,XL
Item 2180,Random generated item,Magenta,Denim,T-shirt,165.38,Streetwear,L
Item 9781,Random generated item,Cyan,Silk,Trousers,259.17,Punk,XS
Item 2428,Random generated item,Orange,Cottom,T-shirt,222.39,Sporty,M
Item 9485,Random generated item,Purple,Wool,Sneakers,177.15,Streetwear,L
Item 2416,Random generated item,Magenta,Denim,Skirt,136.9,Streetwear,S
Item 2426,Random generated item,Cyan,Suede,Boots,46.32,Casual,XS
Item 3534,Random generated item,Yellow,Wool,Boots,290.7,Sporty,XS
Item 6925,Random generated item,Pink,Denim,Trousers,410.27,Streetwear,M
Item 8954,Random generated item,Gray,Wool,Boots,112.96,Casual,M
Item 7722,Random generated item,Pink,Leather,Suit,67.13,Classic,M
Item 2506,Random generated item,Blue,Nylon,Suit,453.02,Punk,XS
Item 5464,Random generated item,Magenta,Denim,Suit,327.2,Punk,L
Item 5852,Random generated item,Blue,Suede,Trousers,282.79,Sporty,XS
Item 539,Random generated item,Yellow,Polyester,T-shirt,477.45,Casual,L
Item 370,Random generated item,Magenta,Suede,Jeans,64.53,Sporty,XXL
Item 3308,Random generated item,Green,Cottom,Boots,26.79,Sporty,XL
Item 9488,Random generated item,Brown,Cottom,Suit,261.6,Punk,XL
Item 1351,Random generated item,Brown,Leather,Boots,187.56,Casual,XXL
Item 9419,Random generated item,Gray,Silk,Dress,406.43,Sporty,M
Item 9157,Random generated item,White,Nylon,T-shirt,326.84,Punk,XXL
Item 595,Random generated item,Purple,Denim,Skirt,124.49,Streetwear,XXL
Item 4851,Random generated item,Green,Nylon,Trousers,126.45,Sporty,XXL
Item 542,Random generated item,White,Leather,Suit,365.03,Sporty,L
Item 6410,Random generated item,Yellow,Nylon,Suit,170.98,Streetwear,XXL
Item 9572,Random generated item,Orange,Silk,Skirt,264.32,Sporty,S
Item 4864,Random generated item,Purple,Nylon,Suit,482.66,Streetwear,XXL
Item 7477,Random generated item,Green,Linen,Sneakers,157.46,Classic,XS
Item 2864,Random generated item,Black,Polyester,Sneakers,285.55,Punk,S
Item 3266,Random generated item,Purple,Denim,Sneakers,384.13,Punk,XS
Item 4899,Random generated item,Magenta,Wool,Dress,158.43,Casual,L
Item 1761,Random generated item,White,Denim,T-shirt,381.18,Casual,L
Item 5409,Random generated item,Brown,Leather,Boots,94.15,Punk,L
Item 286,Random generated item,Magenta,Wool,Suit,235.49,Sporty,M
Item 5487,Random generated item,Black,Polyester,T-shirt,150.05,Punk,XXL
Item 2290,Random generated item,Magenta,Silk,Suit,88.08,Sporty,XS
Item 4544,Random generated item,Yellow,Leather,Dress,397.55,Classic,L
Item 3449,Random generated item,Brown,Cottom,Dress,355.74,Sporty,M
Item 4837,Random generated item,Red,Cottom,Trousers,344.01,Casual,M
Item 554,Random generated item,Brown,Silk,Shoes,450.09,Streetwear,XL
Item 6116,Random generated item,Orange,Denim,Boots,351.1,Classic,XXL
Item 9063,Random generated item,Magenta,Denim,T-shirt,388.7,Sporty,XXL
Item 6734,Random generated item,Gray,Denim,Skirt,373.64,Casual,XS
Item 5353,Random generated item,Magenta,Wool,Skirt,389.07,Streetwear,XS
Item 9739,Random generated item,Orange,Linen,Shoes,279.28,Classic,XXL
Item 8256,Random generated item,Pink,Denim,Boots,263.69,Sporty,S
Item 7791,Random generated item,Cyan,Leather,Dress,116.32,Classic,S
Item 909,Random generated item,White,Suede,Skirt,115.08,Streetwear,L
Item 4826,Random generated item,Cyan,Nylon,Skirt,400.75,Classic,L
Item 9485,Random generated item,Blue,Leather,Sneakers,141.4,Sporty,S
Item 8381,Random generated item,White,Linen,Boots,262.32,Sporty,M
Item 138,Random generated item,Black,Denim,Skirt,404.63,Streetwear,L
Item 4418,Random generated item,Gray,Silk,Suit,184.01,Classic,L
Item 4705,Random generated item,Green,Denim,Jeans,267.05,Streetwear,L
Item 5203,Random generated item,Red,Denim,Skirt,314.08,Casual,XL
Item 4334,Random generated item,Blue,Nylon,Shoes,446.8,Classic,XS
Item 4634,Random generated item,Red,Linen,Suit,396.18,Classic,L
Item 8592,Random generated item,Green,Suede,Skirt,269.41,Casual,XS
Item 8174,Random generated item,Purple,Nylon,Skirt,456.1,Sporty,M
Item 4074,Random generated item,White,Suede,Skirt,79.07,Classic,XXL
Item 4751,Random generated item,Pink,Nylon,Sneakers,48.91,Casual,M
Item 4811,Random generated item,White,Suede,Shoes,121.69,Streetwear,M
Item 6193,Random generated item,Yellow,Silk,Dress,481.16,Sporty,L
Item 9655,Random generated item,Pink,Cottom,Dress,95.61,Casual,S
Item 8332,Random generated item,White,Cottom,Skirt,188.55,Sporty,XXL
Item 247,Random generated item,White,Leather,Sneakers,433.49,Casual,XXL
Item 5105,Random generated item,Yellow,Silk,Skirt,293.24,Punk,M
Item 5972,Random generated item,Magenta,Leather,Jeans,264.9,Streetwear,M
Item 2288,Random generated item,Blue,Denim,T-shirt,412.62,Streetwear,XL
Item 9831,Random generated item,Pink,Nylon,Shoes,370.99,Sporty,XL
Item 9895,Random generated item,Green,Linen,Boots,261.16,Streetwear,M
Item 2533,Random generated item,White,Wool,Dress,329.93,Sporty,S
Item 875,Random generated item,Pink,Polyester,Suit,443.61,Punk,XS
Item 5964,Random generated item,Magenta,Cottom,Shoes,336.28,Streetwear,XS
Item 1456,Random generated item,Yellow,Leather,Boots,47.85,Sporty,XS
Item 7602,Random generated item,Green,Cottom,Skirt,163.26,Punk,S
Item 6982,Random generated item,Orange,Silk,T-shirt,207.73,Punk,S
Item 9116,Random generated item,Yellow,Silk,Jeans,185.14,Casual,XL
Item 526,Random generated item,Pink,Polyester,Boots,462.77,Sporty,XS
Item 7224,Random generated item,Blue,Wool,Jeans,53.32,Punk,XS
Item 6366,Random generated item,Blue,Cottom,Trousers,463.13,Sporty,L
Item 1486,Random generated item,Purple,Silk,Jeans,406.16,Punk,S
Item 9247,Random generated item,Brown,Silk,Skirt,417.5,Classic,XS
Item 3751,Random generated item,Orange,Leather,Jeans,46.37,Casual,XS
Item 3603,Random generated item,Blue,Denim,T-shirt,92.6,Classic,M
Item 7533,Random generated item,Green,Nylon,Skirt,215.8,Casual,XXL
Item 4254,Random generated item,Brown,Wool,Dress,21.94,Sporty,M
Item 7343,Random generated item,Brown,Suede,Trousers,33.7,Sporty,XS
Item 6173,Random generated item,Black,Leather,Sneakers,149.01,Casual,XL
Item 9523,Random generated item,Cyan,Silk,T-shirt,55.95,Sporty,XL
Item 4316,Random generated item,Black,Linen,T-shirt,10.29,Streetwear,XL
Item 5006,Random generated item,Cyan,Cottom,Shoes,118.62,Punk,M
Item 2770,Random generated item,Gray,Linen,Dress,366.78,Streetwear,S
Item 3804,Random generated item,Brown,Silk,T-shirt,111.72,Streetwear,S
Item 2191,Random generated item,Orange,Silk,Sneakers,75.72,Casual,L
Item 2911,Random generated item,Black,Denim,Dress,128.99,Streetwear,XL
Item 7117,Random generated item,Orange,Linen,Shoes,447.56,Sporty,XS
Item 400,Random generated item,White,Suede,Suit,97.3,Punk,S
Item 9314,Random generated item,White,Suede,Dress,247.73,Streetwear,S
Item 863,Random generated item,Purple,Leather,Boots,254.29,Streetwear,M
Item 888,Random generated item,Magenta,Nylon,Suit,79.31,Casual,XL
Item 7502,Random generated item,Orange,Linen,T-shirt,249.18,Streetwear,L
Item 7704,Random generated item,Purple,Denim,Boots,299.5,Streetwear,XXL
Item 3818,Random generated item,Black,Leather,Shoes,52.73,Classic,M
Item 6097,Random generated item,White,Nylon,Skirt,479.67,Casual,S
Item 3417,Random generated item,White,Cottom,Suit,95.59,Streetwear,XS
Item 228,Random generated item,Cyan,Linen,T-shirt,259.0,Streetwear,S
Item 3874,Random generated item,Magenta,Polyester,Jeans,209.65,Sporty,L
Item 2253,Random generated item,White,Leather,Sneakers,243.41,Sporty,S
Item 762,Random generated item,Brown,Denim,Boots,208.64,Punk,XL
Item 3158,Random generated item,Pink,Suede,Trousers,130.03,Casual,XL
Item 1479,Random generated item,Magenta,Wool,Suit,324.18,Punk,M
Item 2365,Random generated item,Pink,Silk,Suit,487.31,Streetwear,XS
Item 1469,Random generated item,Cyan,Polyester,Trousers,388.46,Casual,XXL
Item 3376,Random generated item,Blue,Wool,Suit,87.21,Casual,XL
Item 4651,Random generated item,Red,Leather,Shoes,48.76,Streetwear,XL
Item 8335,Random generated item,Gray,Nylon,Jeans,448.31,Punk,S
Item 7582,Random generated item,Magenta,Nylon,Jeans,214.61,Streetwear,S
Item 3822,Random generated item,Purple,Wool,T-shirt,193.92,Classic,XXL
Item 1458,Random generated item,Red,Suede,Suit,358.07,Casual,XL
Item 3589,Random generated item,Purple,Wool,Boots,281.66,Punk,XXL
Item 5786,Random generated item,Blue,Leather,Jeans,110.3,Casual,XL
Item 3101,Random generated item,Red,Suede,Trousers,206.12,Classic,M
Item 4156,Random generated item,Purple,Cottom,Suit,44.74,Casual,S
Item 6723,Random generated item,Magenta,Leather,Trousers,94.34,Classic,S
Item 5258,Random generated item,Black,Suede,Suit,447.58,Classic,XL
Item 6306,Random generated item,Blue,Cottom,Jeans,379.07,Casual,L
Item 9985,Random generated item,Orange,Cottom,Trousers,101.21,Classic,L
Item 4507,Random generated item,Red,Linen,Shoes,300.75,Punk,L
Item 3259,Random generated item,Pink,Nylon,Boots,49.89,Classic,XL
Item 3805,Random generated item,White,Wool,Jeans,324.08,Streetwear,XL
Item 638,Random generated item,Blue,Leather,Boots,417.77,Classic,XXL
Item 2791,Random generated item,Brown,Nylon,Sneakers,375.71,Classic,S
Item 6797,Random generated item,Cyan,Linen,Dress,133.41,Sporty,XS
Item 1950,Random generated item,Red,Polyester,Dress,446.42,Streetwear,XXL
Item 2002,Random generated item,Red,Denim,T-shirt,41.27,Casual,XS
Item 5035,Random generated item,Orange,Denim,Suit,494.77,Classic,S
Item 326,Random generated item,White,Silk,Shoes,255.22,Sporty,L
Item 3710,Random generated item,Orange,Linen,Sneakers,158.3,Sporty,XXL
Item 2838,Random generated item,Gray,Nylon,Jeans,481.06,Classic,XXL
Item 236,Random generated item,Black,Suede,Jeans,138.34,Classic,M
Item 3463,Random generated item,Brown,Denim,Jeans,202.26,Casual,L
Item 101,Random generated item,White,Polyester,Suit,171.36,Sporty,M
Item 4176,Random generated item,Pink,Wool,Suit,409.29,Sporty,XS
Item 7619,Random generated item,Green,Suede,Boots,485.87,Casual,L
Item 2689,Random generated item,Green,Leather,Skirt,423.65,Classic,XS
Item 1400,Random generated item,Magenta,Cottom,Suit,293.74,Classic,XS
Item 9856,Random generated item,Black,Nylon,Trousers,110.39,Sporty,XXL
Item 5010,Random generated item,Orange,Silk,Dress,306.61,Classic,XL
Item 3954,Random generated item,Blue,Denim,Jeans,212.44,Punk,S
Item 6620,Random generated item,Green,Silk,T-shirt,416.95,Punk,S
Item 2495,Random generated item,Yellow,Nylon,T-shirt,498.54,Punk,XL
Item 1526,Random generated item,Brown,Cottom,Dress,69.73,Punk,XXL
Item 916,Random generated item,Brown,Linen,Boots,50.2,Sporty,XS
Item 1852,Random generated item,Red,Wool,Sneakers,98.46,Punk,L
Item 4680,Random generated item,Yellow,Leather,Boots,409.22,Streetwear,L
Item 9734,Random generated item,White,Leather,Sneakers,458.65,Streetwear,S
Item 1980,Random generated item,Orange,Silk,Skirt,47.58,Streetwear,XL
Item 3201,Random generated item,Brown,Suede,Dress,192.2,Casual,M
Item 4182,Random generated item,Gray,Linen,Jeans,181.13,Punk,XXL
Item 1024,Random generated item,Magenta,Silk,T-shirt,155.37,Classic,L
Item 5377,Random generated item,Blue,Silk,Trousers,149.9,Classic,S
Item 7384,Random generated item,Orange,Wool,Shoes,128.22,Classic,XL
Item 7786,Random generated item,Green,Suede,Shoes,81.66,Classic,S
Item 6917,Random generated item,White,Polyester,Boots,193.91,Streetwear,XL
Item 3770,Random generated item,Purple,Nylon,Boots,467.82,Classic,L
Item 7367,Random generated item,Orange,Nylon,Shoes,450.34,Punk,XS
Item 3284,Random generated item,Black,Polyester,Sneakers,485.19,Casual,L
Item 9813,Random generated item,Gray,Polyester,Dress,348.16,Classic,XXL
Item 6787,Random generated item,Magenta,Leather,Skirt,53.6,Classic,XS
Item 6265,Random generated item,Blue,Polyester,Boots,280.98,Punk,S
Item 5819,Random generated item,White,Polyester,Shoes,389.0,Punk,S
Item 7470,Random generated item,White,Wool,Shoes,30.64,Streetwear,XL
Item 5421,Random generated item,Gray,Denim,Suit,148.28,Casual,XL
Item 7233,Random generated item,Yellow,Wool,Shoes,221.02,Casual,XXL
Item 5711,Random generated item,Purple,Linen,Boots,79.22,Sporty,S
Item 5552,Random generated item,Red,Silk,Sneakers,387.3,Punk,XXL
Item 167,Random generated item,Blue,Nylon,Sneakers,196.68,Casual,XS
Item 9704,Random generated item,Cyan,Polyester,Jeans,496.21,Sporty,XS
Item 7983,Random generated item,Gray,Nylon,Suit,85.17,Classic,S
Item 5964,Random generated item,Red,Polyester,T-shirt,67.66,Classic,XS
Item 9059,Random generated item,Cyan,Leather,Sneakers,375.39,Streetwear,XS
Item 8756,Random generated item,Purple,Nylon,Jeans,109.09,Streetwear,XS
Item 6881,Random generated item,Black,Wool,Suit,326.42,Classic,XS
Item 9417,Random generated item,Gray,Wool,Sneakers,27.97,Punk,XXL
Item 610,Random generated item,Cyan,Cottom,Trousers,215.08,Classic,XL
Item 3035,Random generated item,Pink,Linen,Boots,388.48,Streetwear,XS
Item 440,Random generated item,Magenta,Silk,Boots,491.42,Classic,L
Item 5646,Random generated item,Purple,Nylon,Suit,74.63,Sporty,S
Item 7221,Random generated item,Brown,Polyester,T-shirt,314.08,Punk,XXL
Item 7869,Random generated item,Pink,Denim,Sneakers,156.2,Casual,XS
Item 7613,Random generated item,Green,Leather,Jeans,151.89,Punk,S
Item 9071,Random generated item,Green,Suede,Sneakers,219.23,Punk,XXL
Item 2081,Random generated item,Green,Suede,Shoes,255.42,Casual,S
Item 5544,Random generated item,Green,Nylon,Trousers,476.24,Casual,XL
Item 9910,Random generated item,Brown,Nylon,Suit,390.14,Sporty,M
Item 5710,Random generated item,Green,Polyester,Dress,481.32,Casual,S
Item 6727,Random generated item,Gray,Suede,Boots,22.69,Classic,XL
Item 6864,Random generated item,Gray,Linen,Boots,255.23,Sporty,XL
Item 6783,Random generated item,Yellow,Leather,Boots,218.96,Punk,M
Item 8994,Random generated item,Brown,Wool,Boots,16.66,Casual,L
Item 7780,Random generated item,Red,Denim,Skirt,384.79,Punk,XXL
Item 8701,Random generated item,Purple,Denim,Sneakers,215.83,Sporty,M
Item 9474,Random generated item,Black,Nylon,Boots,381.05,Sporty,S
Item 2442,Random generated item,Gray,Denim,Sneakers,337.06,Classic,M
Item 1161,Random generated item,Red,Leather,Boots,33.41,Classic,XS
Item 5565,Random generated item,Black,Linen,Jeans,128.55,Streetwear,S
Item 342,Random generated item,Yellow,Polyester,Suit,450.22,Sporty,S
Item 6022,Random generated item,Green,Wool,Sneakers,388.96,Casual,XL
Item 7925,Random generated item,Orange,Wool,Boots,207.58,Streetwear,M
Item 2183,Random generated item,Pink,Suede,Sneakers,33.92,Punk,XXL
Item 949,Random generated item,White,Silk,Boots,121.19,Punk,XL
Item 1863,Random generated item,Yellow,Cottom,Shoes,171.1,Punk,S
Item 3301,Random generated item,Purple,Polyester,Trousers,60.6,Streetwear,S
Item 3835,Random generated item,White,Polyester,Dress,346.4,Punk,S
Item 1615,Random generated item,Orange,Cottom,Boots,197.84,Classic,S
Item 1047,Random generated item,Orange,Cottom,Jeans,355.13,Classic,XS
Item 8054,Random generated item,Brown,Wool,Suit,352.2,Casual,S
Item 827,Random generated item,Gray,Cottom,Skirt,86.84,Classic,L
Item 1123,Random generated item,Magenta,Wool,T-shirt,84.9,Punk,M
Item 8980,Random generated item,Cyan,Leather,Boots,268.21,Sporty,L
Item 7665,Random generated item,Black,Denim,Trousers,250.72,Streetwear,L
Item 7574,Random generated item,White,Nylon,Boots,204.63,Streetwear,S
Item 931,Random generated item,Brown,Suede,Dress,450.18,Sporty,S
Item 5823,Random generated item,Gray,Polyester,Shoes,359.13,Streetwear,XS
Item 9536,Random generated item,Black,Wool,Suit,473.07,Classic,L
Item 4207,Random generated item,Brown,Cottom,Trousers,262.88,Streetwear,L
Item 3353,Random generated item,Magenta,Wool,Suit,276.7,Streetwear,M
Item 3775,Random generated item,Pink,Silk,Boots,145.35,Classic,M
Item 2112,Random generated item,Yellow,Denim,Shoes,88.42,Casual,L
Item 6268,Random generated item,Cyan,Polyester,Boots,16.25,Streetwear,M
Item 5490,Random generated item,White,Silk,T-shirt,46.71,Punk,XS
Item 1540,Random generated item,Brown,Silk,T-shirt,370.36,Classic,S
Item 3393,Random generated item,Magenta,Leather,Jeans,97.8,Sporty,XL
Item 3489,Random generated item,Yellow,Silk,Dress,153.5,Classic,S
Item 910,Random generated item,Pink,Linen,Skirt,339.03,Casual,L
Item 4037,Random generated item,Magenta,Nylon,Suit,473.85,Punk,XXL
Item 9554,Random generated item,Yellow,Polyester,Jeans,273.07,Sporty,XS
Item 9360,Random generated item,Blue,Nylon,Trousers,402.71,Casual,XL
Item 827,Random generated item,Orange,Silk,T-shirt,40.87,Punk,XXL
Item 9598,Random generated item,Magenta,Leather,Trousers,294.33,Classic,S
Item 9798,Random generated item,Black,Wool,Dress,126.69,Casual,L
Item 2517,Random generated item,Green,Suede,Suit,401.69,Streetwear,XS
Item 2705,Random generated item,Black,Silk,Suit,46.33,Streetwear,L
Item 3825,Random generated item,Orange,Nylon,Jeans,178.49,Punk,L
Item 2075,Random generated item,White,Cottom,Suit,182.45,Punk,L
Item 5992,Random generated item,Brown,Suede,Jeans,267.53,Punk,XL
Item 6309,Random generated item,Gray,Silk,Suit,177.38,Casual,XS
Item 7170,Random generated item,Green,Cottom,Trousers,268.76,Casual,XXL
Item 465,Random generated item,Cyan,Wool,Shoes,415.18,Punk,L
Item 8238,Random generated item,Magenta,Polyester,Dress,50.25,Streetwear,XS
Item 8825,Random generated item,Yellow,Leather,Boots,121.79,Streetwear,XS
Item 1753,Random generated item,Magenta,Suede,Sneakers,381.36,Punk,S
Item 819,Random generated item,Orange,Silk,Trousers,44.93,Sporty,XS
Item 1541,Random generated item,Gray,Polyester,Sneakers,79.54,Casual,L
Item 6119,Random generated item,Gray,Wool,Shoes,235.66,Sporty,XL
Item 8671,Random generated item,Orange,Cottom,T-shirt,407.19,Sporty,XS
Item 4249,Random generated item,Blue,Leather,Shoes,415.84,Streetwear,XXL
Item 2943,Random generated item,Orange,Nylon,Boots,123.37,Streetwear,S
Item 3433,Random generated item,Cyan,Cottom,Dress,407.57,Streetwear,S
Item 2012,Random generated item,Orange,Polyester,Trousers,131.99,Streetwear,L
Item 9999,Random generated item,White,Polyester,Jeans,484.23,Sporty,S
Item 7429,Random generated item,Orange,Silk,T-shirt,360.27,Classic,M
Item 477,Random generated item,Pink,Silk,Sneakers,354.23,Punk,XS
Item 9983,Random generated item,Cyan,Cottom,Dress,216.58,Punk,XXL
Item 6029,Random generated item,Blue,Leather,Suit,349.43,Sporty,XL
Item 8421,Random generated item,Green,Wool,Suit,29.54,Classic,L
Item 1631,Random generated item,Brown,Leather,Trousers,355.36,Sporty,S
Item 4430,Random generated item,Yellow,Suede,Skirt,144.73,Casual,XL
Item 7725,Random generated item,Gray,Nylon,T-shirt,56.95,Casual,S
Item 3208,Random generated item,Yellow,Leather,Shoes,448.51,Casual,L
Item 6899,Random generated item,Magenta,Cottom,Suit,391.28,Punk,XL
Item 4883,Random generated item,White,Polyester,Suit,56.17,Classic,XS
Item 6559,Random generated item,Purple,Nylon,Trousers,23.61,Classic,XS
Item 2925,Random generated item,Black,Wool,Sneakers,68.65,Casual,S
Item 4079,Random generated item,Magenta,Cottom,Dress,54.46,Streetwear,L
Item 371,Random generated item,White,Cottom,T-shirt,357.0,Classic,XXL
Item 4932,Random generated item,Black,Denim,Sneakers,270.58,Streetwear,L
Item 1043,Random generated item,Pink,Suede,Trousers,173.93,Classic,M
Item 3993,Random generated item,Red,Linen,Suit,351.71,Classic,XS
Item 2240,Random generated item,Black,Wool,Jeans,424.92,Classic,XS
Item 4075,Random generated item,Magenta,Leather,Shoes,267.74,Sporty,L
Item 844,Random generated item,Blue,Cottom,T-shirt,176.06,Casual,XL
Item 4068,Random generated item,Cyan,Suede,Sneakers,14.56,Classic,M
Item 4962,Random generated item,Red,Cottom,Jeans,416.73,Punk,XXL
Item 9798,Random generated item,Pink,Linen,Shoes,493.93,Classic,XS
Item 6365,Random generated item,Purple,Polyester,Shoes,395.1,Sporty,M
Item 8828,Random generated item,Green,Silk,Dress,271.53,Casual,M
Item 6111,Random generated item,Gray,Silk,Skirt,75.41,Sporty,XXL
Item 1902,Random generated item,Gray,Denim,T-shirt,319.72,Sporty,M
Item 4940,Random generated item,Yellow,Cottom,Jeans,458.95,Punk,M
Item 621,Random generated item,Yellow,Leather,Sneakers,496.91,Casual,XXL
Item 2905,Random generated item,Brown,Silk,Shoes,153.99,Punk,S
Item 8659,Random generated item,Black,Leather,Boots,192.09,Classic,M
Item 171,Random generated item,Orange,Nylon,Dress,378.78,Streetwear,S
Item 2908,Random generated item,White,Linen,Dress,25.64,Casual,XL
Item 2539,Random generated item,Black,Polyester,Jeans,20.73,Punk,M
Item 5417,Random generated item,Cyan,Silk,Suit,113.25,Streetwear,L
Item 5590,Random generated item,Magenta,Silk,Sneakers,356.45,Classic,XS
Item 4180,Random generated item,White,Denim,Suit,257.18,Streetwear,XXL
Item 1917,Random generated item,Yellow,Denim,Jeans,37.93,Punk,XS
Item 3846,Random generated item,Pink,Denim,Shoes,83.85,Sporty,XL
Item 6813,Random generated item,Cyan,Nylon,Suit,484.01,Sporty,M
Item 1827,Random generated item,Magenta,Nylon,Suit,388.36,Sporty,XL
Item 1371,Random generated item,Cyan,Silk,Shoes,383.29,Streetwear,M
Item 6370,Random generated item,Yellow,Linen,T-shirt,371.48,Punk,XL
Item 5843,Random generated item,Green,Cottom,Suit,194.11,Casual,S
Item 9974,Random generated item,Blue,Silk,Shoes,97.29,Streetwear,S
Item 4072,Random generated item,Magenta,Silk,Skirt,261.34,Punk,L
Item 7191,Random generated item,Cyan,Leather,Trousers,172.45,Casual,XS
Item 2030,Random generated item,White,Suede,Dress,66.89,Casual,XL
Item 6944,Random generated item,Green,Cottom,Boots,293.59,Sporty,XL
Item 6192,Random generated item,Pink,Leather,Jeans,337.64,Classic,M
Item 5788,Random generated item,Orange,Silk,T-shirt,302.35,Sporty,XL
Item 6865,Random generated item,Brown,Denim,Boots,215.14,Streetwear,M
Item 8284,Random generated item,Gray,Linen,Skirt,48.45,Classic,XL
Item 2466,Random generated item,Magenta,Nylon,Skirt,424.54,Sporty,XXL
Item 770,Random generated item,Blue,Wool,Sneakers,432.28,Casual,S
Item 708,Random generated item,Cyan,Wool,Trousers,194.84,Casual,M
Item 9692,Random generated item,Orange,Cottom,Sneakers,166.82,Casual,XL
Item 7641,Random generated item,Purple,Linen,Suit,285.62,Sporty,M
Item 1231,Random generated item,Blue,Linen,Jeans,292.24,Streetwear,L
Item 7587,Random generated item,Orange,Wool,Jeans,25.9,Classic,XS
Item 6040,Random generated item,Cyan,Suede,Trousers,38.08,Casual,XXL
Item 8036,Random generated item,Pink,Polyester,Skirt,408.55,Punk,M
Item 9753,Random generated item,Blue,Silk,Jeans,360.54,Sporty,XXL
Item 6391,Random generated item,Pink,Nylon,Jeans,104.63,Sporty,S
Item 490,Random generated item,Cyan,Denim,Suit,419.18,Casual,S
Item 5550,Random generated item,Purple,Silk,Sneakers,73.7,Punk,XXL
Item 6298,Random generated item,Orange,Leather,Boots,392.65,Classic,XL
Item 1241,Random generated item,Magenta,Nylon,Boots,473.82,Punk,XL
Item 3647,Random generated item,Green,Polyester,Trousers,61.22,Classic,S
Item 6661,Random generated item,Pink,Polyester,Dress,259.44,Sporty,XS
Item 3141,Random generated item,Yellow,Polyester,Sneakers,171.08,Casual,XL
Item 7728,Random generated item,Orange,Denim,Suit,449.07,Casual,S
Item 9397,Random generated item,Cyan,Denim,Boots,296.15,Casual,XS
Item 7800,Random generated item,Red,Wool,Shoes,139.07,Casual,XS
Item 6006,Random generated item,Cyan,Suede,Skirt,315.48,Punk,S
Item 8022,Random generated item,Black,Silk,Boots,437.18,Punk,XS
Item 1312,Random generated item,Magenta,Polyester,Skirt,463.81,Sporty,XL
Item 6160,Random generated item,Blue,Leather,Dress,142.12,Punk,XL
Item 3760,Random generated item,Cyan,Silk,Suit,212.13,Punk,S
Item 6783,Random generated item,Blue,Nylon,Sneakers,368.0,Classic,S
Item 178,Random generated item,Green,Leather,Dress,159.88,Punk,M
Item 8165,Random generated item,White,Wool,Sneakers,489.01,Sporty,M
Item 9145,Random generated item,Blue,Leather,Boots,205.95,Sporty,XL
Item 5919,Random generated item,Purple,Cottom,Skirt,326.51,Punk,XL
Item 7533,Random generated item,Brown,Denim,T-shirt,103.43,Casual,M
Item 8034,Random generated item,Green,Linen,Sneakers,106.06,Punk,L
Item 9511,Random generated item,Red,Nylon,Sneakers,267.71,Punk,XS
Item 6539,Random generated item,Brown,Linen,Skirt,259.39,Classic,S
Item 6559,Random generated item,Orange,Nylon,Boots,119.77,Sporty,XS
Item 9507,Random generated item,Brown,Cottom,Shoes,146.69,Sporty,XXL
Item 688,Random generated item,White,Suede,Jeans,207.47,Punk,XL
Item 6472,Random generated item,Green,Wool,Skirt,394.1,Classic,L
Item 655,Random generated item,Orange,Suede,Skirt,107.45,Sporty,L
Item 516,Random generated item,Yellow,Leather,Skirt,474.7,Streetwear,S
Item 5018,Random generated item,Red,Silk,Dress,401.18,Sporty,S
Item 6646,Random generated item,White,Polyester,Jeans,250.03,Casual,S
Item 7633,Random generated item,Green,Cottom,Skirt,135.44,Punk,S
Item 3687,Random generated item,Orange,Wool,Boots,215.93,Punk,M
Item 1337,Random generated item,Brown,Polyester,Skirt,166.41,Punk,XS
Item 2341,Random generated item,Black,Suede,Skirt,68.65,Punk,S
Item 7650,Random generated item,Orange,Linen,Boots,20.5,Streetwear,XS
Item 9379,Random generated item,Orange,Suede,Sneakers,217.58,Sporty,XS
Item 6661,Random generated item,Purple,Wool,Dress,226.96,Punk,XL
Item 1688,Random generated item,Purple,Silk,Suit,413.37,Casual,XXL
Item 2259,Random generated item,Cyan,Leather,Shoes,47.25,Sporty,XS
Item 686,Random generated item,Gray,Cottom,Sneakers,323.24,Streetwear,M
Item 2587,Random generated item,Magenta,Linen,Sneakers,374.67,Classic,XXL
Item 6562,Random generated item,Yellow,Cottom,Shoes,383.15,Casual,L
Item 7157,Random generated item,Pink,Polyester,T-shirt,185.84,Punk,XXL
Item 1416,Random generated item,Cyan,Leather,Dress,200.6,Classic,XXL
Item 7956,Random generated item,Yellow,Denim,T-shirt,424.6,Casual,L
Item 4307,Random generated item,Orange,Nylon,T-shirt,396.91,Casual,XXL
Item 5022,Random generated item,Yellow,Cottom,Jeans,394.71,Casual,XL
Item 6248,Random generated item,White,Silk,Trousers,406.72,Casual,L
Item 3687,Random generated item,Brown,Linen,Shoes,35.23,Punk,M
Item 3569,Random generated item,Green,Linen,Dress,413.97,Streetwear,L
Item 5411,Random generated item,Purple,Suede,Suit,47.26,Punk,XL
Item 7930,Random generated item,Cyan,Silk,Trousers,266.26,Casual,S
Item 8022,Random generated item,Yellow,Leather,Dress,221.78,Sporty,XL
Item 6988,Random generated item,Blue,Linen,Trousers,182.84,Streetwear,XS
Item 3954,Random generated item,Brown,Denim,Skirt,375.55,Streetwear,XL
Item 2465,Random generated item,Blue,Nylon,Skirt,133.32,Sporty,M
Item 7327,Random generated item,Purple,Leather,Sneakers,167.46,Casual,XL
Item 7964,Random generated item,Magenta,Denim,Jeans,201.27,Classic,XS
Item 4041,Random generated item,Blue,Denim,Dress,17.09,Punk,XXL
Item 8615,Random generated item,Brown,Denim,T-shirt,446.72,Classic,M
Item 314,Random generated item,Magenta,Silk,Shoes,129.25,Sporty,XS
Item 5593,Random generated item,White,Wool,Skirt,62.81,Sporty,XL
Item 4989,Random generated item,Pink,Wool,T-shirt,138.49,Classic,L
Item 3094,Random generated item,Brown,Suede,Trousers,264.42,Punk,XXL
Item 8024,Random generated item,Magenta,Leather,Shoes,29.83,Streetwear,XL
Item 6043,Random generated item,White,Cottom,Trousers,103.14,Classic,S
Item 1894,Random generated item,Black,Nylon,Shoes,61.31,Sporty,XS
Item 888,Random generated item,Blue,Nylon,T-shirt,476.4,Sporty,XS
Item 7833,Random generated item,White,Nylon,Boots,48.96,Sporty,XL
Item 2274,Random generated item,Pink,Leather,Shoes,220.7,Streetwear,L
Item 7700,Random generated item,Magenta,Leather,Dress,191.1,Sporty,XL
Item 9261,Random generated item,Black,Suede,Sneakers,50.23,Punk,XS
Item 6544,Random generated item,Magenta,Silk,Shoes,371.02,Streetwear,S
Item 7742,Random generated item,Gray,Denim,Dress,118.38,Streetwear,M
Item 4972,Random generated item,Cyan,Denim,Jeans,64.65,Casual,XL
Item 1373,Random generated item,Green,Wool,Jeans,115.09,Punk,XS
Item 4605,Random generated item,Purple,Polyester,Skirt,103.28,Streetwear,XXL
Item 9116,Random generated item,Green,Silk,Skirt,428.11,Classic,XS
Item 4870,Random generated item,Red,Denim,Suit,418.9,Casual,L
Item 6867,Random generated item,Cyan,Polyester,Boots,149.41,Classic,XXL
Item 9847,Random generated item,Yellow,Silk,Suit,403.87,Punk,M
Item 3403,Random generated item,Cyan,Polyester,Jeans,284.52,Streetwear,S
Item 3109,Random generated item,Orange,Suede,Skirt,41.9,Sporty,L
Item 2629,Random generated item,Magenta,Leather,T-shirt,317.9,Sporty,XXL
Item 2044,Random generated item,Orange,Linen,Skirt,392.08,Punk,XXL
Item 2471,Random generated item,White,Silk,Jeans,387.48,Casual,XL
Item 2570,Random generated item,Green,Nylon,Skirt,117.81,Punk,XL
Item 7273,Random generated item,Red,Leather,Dress,267.45,Casual,S
Item 680,Random generated item,White,Denim,Shoes,369.35,Punk,XL
Item 6660,Random generated item,White,Leather,Sneakers,352.2,Classic,XS
Item 8822,Random generated item,Orange,Polyester,Dress,404.38,Classic,S
Item 4347,Random generated item,Pink,Cottom,Suit,342.64,Streetwear,M
Item 3934,Random generated item,Brown,Nylon,Suit,105.23,Casual,L
Item 707,Random generated item,Orange,Silk,Jeans,429.99,Casual,L
Item 6962,Random generated item,Purple,Cottom,Trousers,425.87,Classic,M
Item 3861,Random generated item,White,Silk,Trousers,432.61,Classic,M
Item 7902,Random generated item,Black,Leather,Dress,82.6,Streetwear,XXL
Item 81,Random generated item,Gray,Silk,Jeans,393.47,Classic,L
Item 9825,Random generated item,Magenta,Nylon,Trousers,139.22,Sporty,S
Item 8173,Random generated item,Brown,Denim,T-shirt,400.36,Streetwear,XXL
Item 4838,Random generated item,Blue,Linen,Jeans,57.94,Casual,S
Item 2941,Random generated item,Gray,Polyester,T-shirt,368.33,Classic,XL
Item 5163,Random generated item,Brown,Nylon,Sneakers,376.35,Sporty,XS
Item 685,Random generated item,Orange,Wool,Boots,43.26,Classic,L
Item 5375,Random generated item,Purple,Wool,T-shirt,104.83,Casual,XS
Item 8125,Random generated item,White,Leather,Trousers,274.15,Classic,M
Item 4048,Random generated item,Gray,Cottom,Jeans,211.63,Streetwear,XXL
Item 9386,Random generated item,Pink,Nylon,Boots,265.47,Classic,L
Item 5917,Random generated item,Brown,Wool,Jeans,250.98,Punk,XL
Item 5506,Random generated item,Orange,Polyester,Skirt,200.04,Casual,XXL
Item 3400,Random generated item,Purple,Nylon,Sneakers,61.17,Casual,XL
Item 2409,Random generated item,Brown,Linen,Boots,66.83,Punk,L
Item 3867,Random generated item,Blue,Leather,Dress,116.01,Punk,XL
Item 8071,Random generated item,Orange,Suede,Skirt,466.7,Streetwear,XS
Item 3086,Random generated item,Brown,Wool,T-shirt,449.75,Sporty,S
Item 8347,Random generated item,Pink,Leather,T-shirt,273.71,Sporty,M
Item 4255,Random generated item,Cyan,Leather,Trousers,201.99,Punk,XXL
Item 8561,Random generated item,Orange,Leather,Jeans,242.03,Streetwear,S
Item 5849,Random generated item,Red,Leather,Trousers,257.57,Punk,S
Item 3960,Random generated item,White,Polyester,Skirt,432.4,Classic,XXL
Item 9781,Random generated item,Magenta,Cottom,Trousers,232.08,Sporty,S
Item 1549,Random generated item,Gray,Wool,Shoes,190.6,Casual,XS
Item 3650,Random generated item,Yellow,Wool,Boots,129.48,Casual,S
Item 1190,Random generated item,Purple,Nylon,Skirt,220.91,Punk,XXL
Item 8514,Random generated item,Purple,Cottom,Trousers,455.23,Casual,M
Item 8792,Random generated item,Gray,Wool,Suit,215.45,Casual,XS
Item 3695,Random generated item,Purple,Cottom,Jeans,342.25,Sporty,L
Item 1613,Random generated item,Cyan,Nylon,Jeans,39.1,Punk,M
Item 7118,Random generated item,Blue,Nylon,Boots,194.52,Sporty,XXL
Item 2787,Random generated item,Gray,Wool,Sneakers,16.45,Streetwear,M
Item 2300,Random generated item,Yellow,Suede,Sneakers,255.88,Casual,M
Item 2519,Random generated item,Gray,Silk,Jeans,153.96,Classic,XXL
Item 5057,Random generated item,Purple,Silk,Jeans,176.7,Punk,M
Item 791,Random generated item,Magenta,Suede,Sneakers,423.34,Classic,XL
Item 5750,Random generated item,Purple,Nylon,Boots,112.12,Sporty,XL
Item 1866,Random generated item,Gray,Polyester,Suit,26.03,Streetwear,XXL
Item 171,Random generated item,Black,Suede,Sneakers,18.72,Sporty,L
Item 1483,Random generated item,Green,Leather,Boots,282.6,Sporty,S
Item 728,Random generated item,Pink,Leather,Dress,471.32,Sporty,XL
Item 3900,Random generated item,Cyan,Leather,T-shirt,182.95,Sporty,M
Item 626,Random generated item,Purple,Silk,Sneakers,158.16,Punk,XS
Item 339,Random generated item,Black,Cottom,Suit,12.12,Casual,S
Item 7194,Random generated item,Cyan,Silk,Shoes,317.12,Streetwear,XXL
Item 5106,Random generated item,Blue,Suede,Suit,78.35,Punk,M
Item 8202,Random generated item,Yellow,Nylon,Shoes,157.85,Classic,XXL
Item 765,Random generated item,White,Polyester,Dress,455.69,Classic,L
Item 5723,Random generated item,Yellow,Cottom,Jeans,350.84,Classic,M
Item 6628,Random generated item,Blue,Polyester,Jeans,130.19,Casual,S
Item 3893,Random generated item,Magenta,Wool,Skirt,380.28,Classic,L
Item 9336,Random generated item,Brown,Denim,T-shirt,64.89,Streetwear,M
Item 5749,Random generated item,Cyan,Denim,Boots,220.21,Casual,XXL
Item 5403,Random generated item,Pink,Denim,T-shirt,60.23,Casual,M
Item 8759,Random generated item,Orange,Silk,Shoes,45.03,Streetwear,XL
Item 431,Random generated item,Magenta,Linen,Sneakers,171.86,Classic,XS
Item 622,Random generated item,Red,Cottom,Shoes,276.84,Casual,XXL
Item 4095,Random generated item,Gray,Suede,Dress,430.87,Streetwear,M
Item 8339,Random generated item,Red,Cottom,Dress,210.76,Sporty,S
Item 1715,Random generated item,Magenta,Leather,Shoes,212.1,Classic,S
Item 657,Random generated item,Yellow,Linen,T-shirt,236.94,Punk,S
Item 1002,Random generated item,Purple,Polyester,Jeans,125.77,Streetwear,XL
Item 3013,Random generated item,Red,Nylon,Jeans,259.71,Casual,XL
Item 6939,Random generated item,Blue,Nylon,Sneakers,202.43,Punk,M
Item 4620,Random generated item,Green,Nylon,T-shirt,341.55,Casual,L
Item 1313,Random generated item,Pink,Leather,Jeans,406.87,Streetwear,L
Item 4476,Random generated item,Purple,Wool,T-shirt,87.78,Casual,XL
Item 750,Random generated item,Pink,Linen,Jeans,284.44,Casual,S
Item 2168,Random generated item,Cyan,Denim,Trousers,403.97,Streetwear,S
Item 9563,Random generated item,Yellow,Silk,Dress,428.49,Casual,S
Item 520,Random generated item,Yellow,Wool,Dress,278.39,Sporty,XXL
Item 7421,Random generated item,Red,Nylon,Boots,181.32,Sporty,M
Item 4767,Random generated item,Brown,Linen,T-shirt,166.68,Punk,XS
Item 4337,Random generated item,Gray,Wool,Shoes,260.35,Punk,M
Item 2538,Random generated item,Brown,Wool,Sneakers,218.06,Sporty,XXL
Item 4484,Random generated item,Pink,Nylon,Boots,277.65,Streetwear,XS
Item 7042,Random generated item,Purple,Silk,Jeans,236.65,Sporty,XL
Item 6050,Random generated item,Black,Denim,Trousers,486.25,Streetwear,M
Item 514,Random generated item,Green,Nylon,Suit,388.95,Casual,XS
Item 2751,Random generated item,Brown,Denim,Dress,108.22,Sporty,S
Item 8855,Random generated item,Magenta,Nylon,Dress,412.18,Streetwear,M
Item 1040,Random generated item,Gray,Polyester,Suit,402.3,Streetwear,XS
Item 621,Random generated item,Blue,Denim,Boots,302.17,Sporty,S
Item 2457,Random generated item,Red,Denim,Boots,377.11,Punk,XXL
Item 9817,Random generated item,Brown,Cottom,Trousers,404.18,Streetwear,XS
Item 7010,Random generated item,Black,Wool,Boots,242.8,Streetwear,XL
Item 581,Random generated item,Gray,Silk,T-shirt,274.93,Casual,M
Item 3118,Random generated item,Purple,Nylon,Trousers,272.4,Sporty,XL
Item 3783,Random generated item,Blue,Wool,Boots,344.42,Casual,L
Item 5262,Random generated item,Cyan,Denim,Trousers,198.16,Sporty,S
Item 1115,Random generated item,Gray,Wool,T-shirt,155.53,Punk,S
Item 5244,Random generated item,Pink,Linen,Suit,262.15,Sporty,XXL
Item 8395,Random generated item,Gray,Suede,Suit,317.8,Sporty,S
Item 3404,Random generated item,Green,Cottom,Dress,162.94,Classic,M
Item 5096,Random generated item,Magenta,Linen,Jeans,274.73,Streetwear,XXL
Item 9476,Random generated item,Blue,Suede,Shoes,139.16,Punk,XL
Item 5931,Random generated item,Blue,Leather,Sneakers,189.86,Punk,M
Item 4674,Random generated item,Pink,Nylon,Suit,141.48,Casual,XL
Item 5940,Random generated item,Yellow,Wool,Suit,243.41,Casual,XL
Item 5804,Random generated item,Gray,Nylon,T-shirt,156.25,Sporty,M
Item 8325,Random generated item,Magenta,Wool,Dress,241.15,Punk,L
Item 3727,Random generated item,Purple,Linen,Shoes,310.32,Classic,XL
Item 5472,Random generated item,Red,Wool,Sneakers,155.32,Sporty,XXL
Item 6236,Random generated item,Black,Denim,Sneakers,132.96,Sporty,M
Item 8232,Random generated item,Magenta,Denim,Trousers,94.39,Sporty,L
Item 8429,Random generated item,Pink,Cottom,T-shirt,20.33,Punk,S
Item 4340,Random generated item,Purple,Polyester,Suit,171.94,Sporty,XL
Item 4261,Random generated item,White,Linen,Sneakers,100.74,Sporty,XXL
Item 8691,Random generated item,Gray,Wool,Dress,35.03,Sporty,XXL
Item 4917,Random generated item,Yellow,Denim,Shoes,211.36,Streetwear,XS
Item 3784,Random generated item,Gray,Polyester,Jeans,10.77,Streetwear,XS
Item 9643,Random generated item,Cyan,Nylon,Shoes,16.26,Streetwear,XXL
Item 4729,Random generated item,Purple,Cottom,T-shirt,443.49,Sporty,XXL
Item 7645,Random generated item,White,Wool,Jeans,427.31,Streetwear,XS
Item 2459,Random generated item,White,Wool,Jeans,92.89,Streetwear,XXL
Item 4215,Random generated item,Cyan,Wool,Shoes,283.94,Sporty,XL
Item 6979,Random generated item,Red,Nylon,Trousers,157.46,Streetwear,XS
Item 3198,Random generated item,Purple,Wool,Jeans,142.45,Classic,L
Item 8860,Random generated item,Purple,Denim,Boots,442.62,Sporty,XXL
Item 2914,Random generated item,Blue,Polyester,Trousers,79.81,Casual,L
Item 9523,Random generated item,Green,Leather,Trousers,142.56,Casual,M
Item 666,Random generated item,White,Silk,Skirt,478.27,Classic,S
Item 4757,Random generated item,Black,Leather,Sneakers,309.98,Casual,XXL
Item 9010,Random generated item,Magenta,Linen,Trousers,243.24,Streetwear,XS
Item 9679,Random generated item,Black,Nylon,Shoes,60.9,Sporty,XL
Item 4093,Random generated item,Gray,Nylon,Dress,149.55,Classic,XXL
Item 1871,Random generated item,Blue,Suede,Dress,29.01,Casual,XXL
Item 6874,Random generated item,Green,Suede,Boots,471.78,Sporty,XS
Item 6124,Random generated item,Blue,Denim,T-shirt,228.62,Sporty,L
Item 5072,Random generated item,Red,Wool,Jeans,67.29,Punk,M
Item 14,Random generated item,Red,Leather,T-shirt,142.41,Punk,XL
Item 9085,Random generated item,Cyan,Cottom,Sneakers,413.83,Sporty,L
Item 1273,Random generated item,Pink,Suede,Trousers,432.04,Punk,L
Item 7237,Random generated item,Purple,Leather,Jeans,430.35,Casual,S
Item 3928,Random generated item,Gray,Nylon,Sneakers,498.73,Punk,XS
Item 4024,Random generated item,White,Suede,Skirt,265.42,Casual,XL
Item 3611,Random generated item,Gray,Silk,Trousers,20.22,Punk,S
Item 911,Random generated item,Green,Suede,Jeans,401.91,Classic,XS
Item 675,Random generated item,Brown,Nylon,Sneakers,403.11,Sporty,L
Item 4986,Random generated item,Black,Silk,Shoes,40.19,Classic,S
Item 2541,Random generated item,Cyan,Cottom,Trousers,115.4,Punk,XXL
Item 7668,Random generated item,White,Silk,Jeans,27.49,Casual,L
Item 5486,Random generated item,Green,Polyester,T-shirt,196.12,Punk,XS
Item 3164,Random generated item,Green,Leather,Dress,285.97,Punk,S
Item 6810,Random generated item,Orange,Polyester,Dress,373.61,Streetwear,XL
Item 1317,Random generated item,Orange,Linen,Suit,351.73,Punk,XS
Item 6803,Random generated item,Orange,Denim,T-shirt,163.94,Classic,XL
Item 5932,Random generated item,Purple,Wool,Suit,336.78,Sporty,L
Item 6961,Random generated item,Magenta,Nylon,Jeans,232.86,Punk,XS
Item 2817,Random generated item,Purple,Linen,T-shirt,439.22,Streetwear,S
Item 6458,Random generated item,Blue,Cottom,T-shirt,78.51,Casual,M
Item 6662,Random generated item,Magenta,Polyester,Boots,95.18,Sporty,S
Item 6804,Random generated item,Pink,Linen,Suit,52.92,Streetwear,XXL
Item 8157,Random generated item,Orange,Leather,Suit,177.1,Classic,XS
Item 3307,Random generated item,Magenta,Silk,T-shirt,320.13,Punk,XS
Item 975,Random generated item,Gray,Denim,Sneakers,341.4,Casual,XL
Item 8408,Random generated item,Pink,Cottom,Boots,21.44,Streetwear,M
Item 5348,Random generated item,Pink,Cottom,Trousers,98.34,Streetwear,XS
Item 461,Random generated item,Black,Nylon,Skirt,352.88,Sporty,S
Item 5754,Random generated item,White,Nylon,Dress,420.08,Sporty,XXL
Item 2042,Random generated item,Purple,Suede,Dress,185.47,Casual,XL
Item 7590,Random generated item,Black,Suede,Shoes,156.38,Casual,XS
Item 2748,Random generated item,Purple,Leather,Dress,321.08,Streetwear,XL
Item 2518,Random generated item,Blue,Cottom,Suit,306.02,Punk,L
Item 5891,Random generated item,Yellow,Polyester,Boots,157.35,Sporty,L
Item 6381,Random generated item,White,Wool,Sneakers,431.53,Classic,XS
Item 2142,Random generated item,Cyan,Linen,Sneakers,262.86,Sporty,XS
Item 4971,Random generated item,Black,Wool,Trousers,483.54,Classic,L
Item 1217,Random generated item,Yellow,Cottom,Jeans,123.34,Classic,L
Item 3784,Random generated item,Yellow,Linen,Trousers,187.03,Classic,M
Item 5048,Random generated item,Green,Leather,Boots,92.27,Classic,L
Item 268,Random generated item,Gray,Nylon,Shoes,148.88,Punk,XL
Item 7309,Random generated item,Blue,Wool,Shoes,312.93,Classic,M
Item 8410,Random generated item,Red,Suede,Shoes,180.76,Classic,XL
Item 6193,Random generated item,Purple,Silk,Dress,454.15,Sporty,XS
Item 8902,Random generated item,Green,Leather,Suit,91.72,Punk,XL
Item 8645,Random generated item,White,Cottom,Boots,123.74,Casual,XL
Item 2793,Random generated item,Red,Denim,Suit,258.99,Classic,L
Item 478,Random generated item,Red,Suede,Skirt,247.14,Punk,L
Item 5733,Random generated item,Red,Denim,Skirt,51.34,Classic,XXL
Item 3445,Random generated item,Purple,Leather,Trousers,220.66,Classic,M
Item 1193,Random generated item,Brown,Nylon,Dress,244.94,Punk,S
Item 8895,Random generated item,Gray,Linen,Skirt,427.21,Sporty,M
Item 6659,Random generated item,Red,Linen,Trousers,423.7,Sporty,S
Item 4068,Random generated item,Cyan,Cottom,Shoes,432.35,Classic,L
Item 238,Random generated item,Orange,Linen,T-shirt,439.29,Streetwear,XS
Item 158,Random generated item,Pink,Silk,T-shirt,304.33,Classic,L
Item 1902,Random generated item,Green,Silk,Shoes,47.58,Casual,L
Item 3122,Random generated item,Black,Nylon,Shoes,198.23,Punk,L
Item 603,Random generated item,Cyan,Wool,Suit,266.97,Classic,XL
Item 1265,Random generated item,Cyan,Polyester,Shoes,287.27,Casual,L
Item 2492,Random generated item,Cyan,Silk,Suit,188.12,Classic,XXL
Item 2090,Random generated item,Blue,Wool,Dress,190.26,Sporty,M
Item 1888,Random generated item,Black,Suede,Dress,182.96,Sporty,XXL
Item 1472,Random generated item,Brown,Cottom,T-shirt,445.08,Classic,XXL
Item 9619,Random generated item,Purple,Cottom,Suit,316.98,Casual,XS
Item 5773,Random generated item,Purple,Suede,Shoes,151.07,Casual,S
Item 7594,Random generated item,Orange,Silk,Trousers,422.44,Punk,XXL
Item 9164,Random generated item,Cyan,Cottom,Jeans,400.76,Streetwear,XXL
Item 2428,Random generated item,Red,Silk,Trousers,199.49,Sporty,XXL
Item 2474,Random generated item,Pink,Denim,Shoes,106.27,Classic,M
Item 8943,Random generated item,Purple,Silk,Skirt,441.53,Sporty,XS
Item 2073,Random generated item,Blue,Leather,Boots,411.16,Punk,XS
Item 3693,Random generated item,Red,Leather,T-shirt,433.74,Sporty,XXL
Item 9703,Random generated item,Pink,Wool,Jeans,124.16,Casual,S
Item 4389,Random generated item,Green,Cottom,Trousers,337.28,Punk,XL
Item 6841,Random generated item,Magenta,Polyester,Sneakers,426.81,Punk,XS
Item 8974,Random generated item,Purple,Suede,Shoes,318.3,Punk,S
Item 4361,Random generated item,Purple,Cottom,Boots,393.32,Punk,L
Item 1037,Random generated item,Black,Wool,Suit,432.02,Sporty,S
Item 8304,Random generated item,Gray,Polyester,Dress,217.37,Punk,XXL
Item 2951,Random generated item,Black,Leather,Trousers,294.83,Punk,XS
Item 8872,Random generated item,White,Suede,Dress,485.58,Sporty,XS
Item 1190,Random generated item,Yellow,Silk,Sneakers,290.62,Sporty,XXL
Item 1237,Random generated item,Blue,Suede,Jeans,46.53,Casual,XXL
Item 2863,Random generated item,Green,Denim,Jeans,309.9,Casual,XL
Item 7694,Random generated item,Purple,Denim,Shoes,457.13,Casual,XS
Item 6526,Random generated item,Cyan,Wool,Boots,449.09,Casual,XS
Item 4723,Random generated item,Blue,Nylon,Boots,94.38,Classic,S
Item 8617,Random generated item,Red,Silk,Suit,328.37,Casual,XXL
Item 6182,Random generated item,Black,Leather,Sneakers,268.36,Classic,L
Item 3425,Random generated item,Pink,Wool,Sneakers,423.8,Streetwear,XL
Item 326,Random generated item,Brown,Polyester,T-shirt,157.89,Classic,S
Item 7338,Random generated item,Purple,Suede,Dress,455.22,Casual,L
Item 3628,Random generated item,Yellow,Wool,Suit,227.39,Streetwear,XL
Item 4117,Random generated item,Yellow,Wool,Suit,43.78,Casual,L
Item 1366,Random generated item,Black,Polyester,Shoes,106.61,Streetwear,XS
Item 2099,Random generated item,Black,Denim,Boots,225.37,Sporty,XXL
Item 6485,Random generated item,Red,Nylon,T-shirt,467.67,Sporty,XS
Item 8217,Random generated item,Black,Wool,Suit,261.35,Casual,L
Item 4358,Random generated item,Green,Leather,Dress,426.2,Streetwear,M
Item 7438,Random generated item,Gray,Nylon,T-shirt,68.62,Sporty,L
Item 6297,Random generated item,Cyan,Denim,Shoes,126.55,Casual,XS
Item 7202,Random generated item,Red,Silk,Shoes,334.37,Classic,XS
Item 2286,Random generated item,Pink,Linen,Shoes,39.87,Classic,S
Item 5871,Random generated item,Magenta,Nylon,Shoes,154.6,Casual,XS
Item 3334,Random generated item,Yellow,Nylon,Sneakers,239.83,Streetwear,M
Item 3290,Random generated item,Blue,Denim,Dress,185.96,Casual,XXL
Item 5008,Random generated item,Green,Suede,Shoes,427.25,Casual,L
Item 5616,Random generated item,Yellow,Polyester,Shoes,110.81,Streetwear,XXL
Item 7780,Random generated item,Cyan,Leather,T-shirt,498.09,Punk,L
Item 4270,Random generated item,Green,Polyester,Trousers,404.49,Sporty,S
Item 6215,Random generated item,Yellow,Silk,T-shirt,212.87,Punk,XL
Item 3164,Random generated item,Orange,Polyester,Skirt,300.58,Casual,S
Item 3835,Random generated item,Yellow,Wool,Jeans,300.81,Punk,S
Item 7458,Random generated item,Pink,Silk,Boots,71.8,Classic,L
Item 3401,Random generated item,Orange,Polyester,Shoes,120.52,Sporty,L
Item 6395,Random generated item,Purple,Wool,Dress,372.41,Punk,M
Item 8672,Random generated item,Green,Nylon,Skirt,139.72,Classic,L
Item 6667,Random generated item,Black,Linen,Shoes,100.62,Punk,XS
Item 8511,Random generated item,Gray,Suede,Jeans,232.41,Streetwear,S
Item 2757,Random generated item,Pink,Polyester,Sneakers,220.34,Classic,XS
Item 2309,Random generated item,Gray,Silk,Jeans,136.82,Streetwear,XL
Item 5241,Random generated item,Yellow,Polyester,Dress,262.97,Streetwear,S
Item 36,Random generated item,White,Polyester,Shoes,115.32,Casual,S
Item 8463,Random generated item,Yellow,Cottom,Shoes,369.62,Sporty,L
Item 2512,Random generated item,Black,Cottom,T-shirt,424.07,Casual,M
Item 705,Random generated item,Gray,Linen,Shoes,262.67,Sporty,XL
Item 5379,Random generated item,Black,Leather,Sneakers,348.66,Punk,XS
Item 9854,Random generated item,White,Linen,Skirt,254.96,Sporty,S
Item 646,Random generated item,Magenta,Cottom,T-shirt,320.6,Classic,S
Item 2327,Random generated item,Orange,Nylon,Jeans,266.89,Punk,L
Item 7247,Random generated item,Gray,Denim,Trousers,86.9,Casual,L
Item 7893,Random generated item,Black,Linen,Shoes,232.64,Punk,L
Item 8328,Random generated item,Magenta,Polyester,Suit,155.53,Sporty,S
Item 3080,Random generated item,Blue,Linen,Boots,77.16,Casual,XXL
Item 4121,Random generated item,White,Linen,Jeans,442.28,Punk,XS
Item 6722,Random generated item,Yellow,Silk,Dress,479.42,Classic,XS
Item 8637,Random generated item,Red,Cottom,Suit,146.43,Classic,XL
Item 4753,Random generated item,Magenta,Linen,Boots,471.98,Casual,S
